interaction_value,energy_level,theta_value,nud
0.0,0,0.0,0.24333144420959
0.0,0,0.0,Two-point,correlations:
0.0,0,0.05,0.25336300696922
0.0,0,0.05,Two-point,correlations:
0.0,0,0.1,0.25336300696922
0.0,0,0.1,Two-point,correlations:
0.0,0,0.15,0.25336300696922
0.0,0,0.15,Two-point,correlations:
0.0,0,0.2,0.24807129796451
0.0,0,0.2,Two-point,correlations:
0.0,0,0.25,0.24807129796451
0.0,0,0.25,Two-point,correlations:
0.0,0,0.3,0.24807129796451
0.0,0,0.3,Two-point,correlations:
0.0,0,0.35,0.25192870203549
0.0,0,0.35,Two-point,correlations:
0.0,0,0.4,0.24807129796451
0.0,0,0.4,Two-point,correlations:
0.0,0,0.45,0.25192870203549
0.0,0,0.45,Two-point,correlations:
0.0,0,0.5,0.23814216089633
0.0,0,0.5,Two-point,correlations:
0.0,1,0.0,0.24792528885132
0.0,1,0.0,Two-point,correlations:
0.0,1,0.05,0.24663699303078
0.0,1,0.05,Two-point,correlations:
0.0,1,0.1,0.24663699303078
0.0,1,0.1,Two-point,correlations:
0.0,1,0.15,0.24663699303078
0.0,1,0.15,Two-point,correlations:
0.0,1,0.2,0.25192870203549
0.0,1,0.2,Two-point,correlations:
0.0,1,0.25,0.25192870203549
0.0,1,0.25,Two-point,correlations:
0.0,1,0.3,0.25192870203549
0.0,1,0.3,Two-point,correlations:
0.0,1,0.35,0.24807129796451
0.0,1,0.35,Two-point,correlations:
0.0,1,0.4,0.25192870203549
0.0,1,0.4,Two-point,correlations:
0.0,1,0.45,0.24807129796451
0.0,1,0.45,Two-point,correlations:
0.0,1,0.5,0.24236015272503
0.0,1,0.5,Two-point,correlations:
0.0,2,0.0,0.24732009841054
0.0,2,0.0,Two-point,correlations:
0.0,2,0.05,0.24625584045092
0.0,2,0.05,Two-point,correlations:
0.0,2,0.1,0.25085538554794
0.0,2,0.1,Two-point,correlations:
0.0,2,0.15,0.24706719438578
0.0,2,0.15,Two-point,correlations:
0.0,2,0.2,0.25264875683016
0.0,2,0.2,Two-point,correlations:
0.0,2,0.25,0.24769493277305
0.0,2,0.25,Two-point,correlations:
0.0,2,0.3,0.25230314107728
0.0,2,0.3,Two-point,correlations:
0.0,2,0.35,0.24816095877829
0.0,2,0.35,Two-point,correlations:
0.0,2,0.4,0.24575447140691
0.0,2,0.4,Two-point,correlations:
0.0,2,0.45,0.24745352149511
0.0,2,0.45,Two-point,correlations:
0.0,2,0.5,0.24980600444758
0.0,2,0.5,Two-point,correlations:
0.0,3,0.0,0.24535552831789
0.0,3,0.0,Two-point,correlations:
0.0,3,0.05,0.24689514857767
0.0,3,0.05,Two-point,correlations:
0.0,3,0.1,0.24706719438577
0.0,3,0.1,Two-point,correlations:
0.0,3,0.15,0.25120700056977
0.0,3,0.15,Two-point,correlations:
0.0,3,0.2,0.24816095877828
0.0,3,0.2,Two-point,correlations:
0.0,3,0.25,0.24816095877829
0.0,3,0.25,Two-point,correlations:
0.0,3,0.3,0.24816095877830
0.0,3,0.3,Two-point,correlations:
0.0,3,0.35,0.24684141630119
0.0,3,0.35,Two-point,correlations:
0.0,3,0.4,0.24684141630118
0.0,3,0.4,Two-point,correlations:
0.0,3,0.45,0.24684141630117
0.0,3,0.45,Two-point,correlations:
0.0,3,0.5,0.24551604850174
0.0,3,0.5,Two-point,correlations:
1.0,0,0.0,0.18651309832720
1.0,0,0.0,Two-point,correlations:
1.0,0,0.05,0.21982162355979
1.0,0,0.05,Two-point,correlations:
1.0,0,0.1,0.22196245144878
1.0,0,0.1,Two-point,correlations:
1.0,0,0.15,0.22085548034974
1.0,0,0.15,Two-point,correlations:
1.0,0,0.2,0.20695441106254
1.0,0,0.2,Two-point,correlations:
1.0,0,0.25,0.22600380256045
1.0,0,0.25,Two-point,correlations:
1.0,0,0.3,0.22895395386465
1.0,0,0.3,Two-point,correlations:
1.0,0,0.35,0.23015698071656
1.0,0,0.35,Two-point,correlations:
1.0,0,0.4,0.23040897790105
1.0,0,0.4,Two-point,correlations:
1.0,0,0.45,0.22949987168950
1.0,0,0.45,Two-point,correlations:
1.0,0,0.5,0.21598000971206
1.0,0,0.5,Two-point,correlations:
1.0,1,0.0,0.19177780765607
1.0,1,0.0,Two-point,correlations:
1.0,1,0.05,0.22526157224166
1.0,1,0.05,Two-point,correlations:
1.0,1,0.1,0.22791227325445
1.0,1,0.1,Two-point,correlations:
1.0,1,0.15,0.22570008557074
1.0,1,0.15,Two-point,correlations:
1.0,1,0.2,0.20585406254983
1.0,1,0.2,Two-point,correlations:
1.0,1,0.25,0.22974536336016
1.0,1,0.25,Two-point,correlations:
1.0,1,0.3,0.23401481411085
1.0,1,0.3,Two-point,correlations:
1.0,1,0.35,0.23571495229732
1.0,1,0.35,Two-point,correlations:
1.0,1,0.4,0.23615918169894
1.0,1,0.4,Two-point,correlations:
1.0,1,0.45,0.23499542581614
1.0,1,0.45,Two-point,correlations:
1.0,1,0.5,0.21765010877786
1.0,1,0.5,Two-point,correlations:
1.0,2,0.0,0.19177780765607
1.0,2,0.0,Two-point,correlations:
1.0,2,0.05,0.20470170274929
1.0,2,0.05,Two-point,correlations:
1.0,2,0.1,0.21029400506567
1.0,2,0.1,Two-point,correlations:
1.0,2,0.15,0.21264336208354
1.0,2,0.15,Two-point,correlations:
1.0,2,0.2,0.20622847423213
1.0,2,0.2,Two-point,correlations:
1.0,2,0.25,0.21627909210413
1.0,2,0.25,Two-point,correlations:
1.0,2,0.3,0.21825222303079
1.0,2,0.3,Two-point,correlations:
1.0,2,0.35,0.21886162558131
1.0,2,0.35,Two-point,correlations:
1.0,2,0.4,0.21593199488842
1.0,2,0.4,Two-point,correlations:
1.0,2,0.45,0.21702787689564
1.0,2,0.45,Two-point,correlations:
1.0,2,0.5,0.21946769213026
1.0,2,0.5,Two-point,correlations:
1.0,3,0.0,0.19177780765607
1.0,3,0.0,Two-point,correlations:
1.0,3,0.05,0.20802367115443
1.0,3,0.05,Two-point,correlations:
1.0,3,0.1,0.21119315603720
1.0,3,0.1,Two-point,correlations:
1.0,3,0.15,0.21541196719067
1.0,3,0.15,Two-point,correlations:
1.0,3,0.2,0.20633056720935
1.0,3,0.2,Two-point,correlations:
1.0,3,0.25,0.22050012238292
1.0,3,0.25,Two-point,correlations:
1.0,3,0.3,0.22256022259932
1.0,3,0.3,Two-point,correlations:
1.0,3,0.35,0.22196223094076
1.0,3,0.35,Two-point,correlations:
1.0,3,0.4,0.21639006720018
1.0,3,0.4,Two-point,correlations:
1.0,3,0.45,0.21736264400758
1.0,3,0.45,Two-point,correlations:
1.0,3,0.5,0.21961862017341
1.0,3,0.5,Two-point,correlations:
2.0,0,0.0,0.16084611871486
2.0,0,0.0,Two-point,correlations:
2.0,0,0.05,0.19307476367415
2.0,0,0.05,Two-point,correlations:
2.0,0,0.1,0.19754033580992
2.0,0,0.1,Two-point,correlations:
2.0,0,0.15,0.19557306394522
2.0,0,0.15,Two-point,correlations:
2.0,0,0.2,0.18345540342849
2.0,0,0.2,Two-point,correlations:
2.0,0,0.25,0.20575860537985
2.0,0,0.25,Two-point,correlations:
2.0,0,0.3,0.21157739159542
2.0,0,0.3,Two-point,correlations:
2.0,0,0.35,0.21404030157214
2.0,0,0.35,Two-point,correlations:
2.0,0,0.4,0.21467822404254
2.0,0,0.4,Two-point,correlations:
2.0,0,0.45,0.21336005583488
2.0,0,0.45,Two-point,correlations:
2.0,0,0.5,0.19813141300179
2.0,0,0.5,Two-point,correlations:
2.0,1,0.0,0.16918028387560
2.0,1,0.0,Two-point,correlations:
2.0,1,0.05,0.19805128433345
2.0,1,0.05,Two-point,correlations:
2.0,1,0.1,0.20224256608054
2.0,1,0.1,Two-point,correlations:
2.0,1,0.15,0.19866971714540
2.0,1,0.15,Two-point,correlations:
2.0,1,0.2,0.18627082401764
2.0,1,0.2,Two-point,correlations:
2.0,1,0.25,0.20689805747271
2.0,1,0.25,Two-point,correlations:
2.0,1,0.3,0.21434238668625
2.0,1,0.3,Two-point,correlations:
2.0,1,0.35,0.21754278433858
2.0,1,0.35,Two-point,correlations:
2.0,1,0.4,0.21835615131672
2.0,1,0.4,Two-point,correlations:
2.0,1,0.45,0.21570255947744
2.0,1,0.45,Two-point,correlations:
2.0,1,0.5,0.20107438996636
2.0,1,0.5,Two-point,correlations:
2.0,2,0.0,0.16918028387560
2.0,2,0.0,Two-point,correlations:
2.0,2,0.05,0.17867479535029
2.0,2,0.05,Two-point,correlations:
2.0,2,0.1,0.18355803026697
2.0,2,0.1,Two-point,correlations:
2.0,2,0.15,0.18868048429093
2.0,2,0.15,Two-point,correlations:
2.0,2,0.2,0.18653375960924
2.0,2,0.2,Two-point,correlations:
2.0,2,0.25,0.19489245954931
2.0,2,0.25,Two-point,correlations:
2.0,2,0.3,0.19824681339405
2.0,2,0.3,Two-point,correlations:
2.0,2,0.35,0.19931627391051
2.0,2,0.35,Two-point,correlations:
2.0,2,0.4,0.19758463991033
2.0,2,0.4,Two-point,correlations:
2.0,2,0.45,0.20015170403088
2.0,2,0.45,Two-point,correlations:
2.0,2,0.5,0.20455404598588
2.0,2,0.5,Two-point,correlations:
2.0,3,0.0,0.16918028387560
2.0,3,0.0,Two-point,correlations:
2.0,3,0.05,0.17638034352454
2.0,3,0.05,Two-point,correlations:
2.0,3,0.1,0.18183870882351
2.0,3,0.1,Two-point,correlations:
2.0,3,0.15,0.18989053609736
2.0,3,0.15,Two-point,correlations:
2.0,3,0.2,0.18757538457784
2.0,3,0.2,Two-point,correlations:
2.0,3,0.25,0.19937664639396
2.0,3,0.25,Two-point,correlations:
2.0,3,0.3,0.20278206021432
2.0,3,0.3,Two-point,correlations:
2.0,3,0.35,0.20121718239073
2.0,3,0.35,Two-point,correlations:
2.0,3,0.4,0.19876704563496
2.0,3,0.4,Two-point,correlations:
2.0,3,0.45,0.20053611701982
2.0,3,0.45,Two-point,correlations:
2.0,3,0.5,0.20510235758970
2.0,3,0.5,Two-point,correlations:
3.0,0,0.0,0.13706019266907
3.0,0,0.0,Two-point,correlations:
3.0,0,0.05,0.16599190906488
3.0,0,0.05,Two-point,correlations:
3.0,0,0.1,0.17270762669526
3.0,0,0.1,Two-point,correlations:
3.0,0,0.15,0.16998441659239
3.0,0,0.15,Two-point,correlations:
3.0,0,0.2,0.16122938752619
3.0,0,0.2,Two-point,correlations:
3.0,0,0.25,0.18542745056866
3.0,0,0.25,Two-point,correlations:
3.0,0,0.3,0.19389103167171
3.0,0,0.3,Two-point,correlations:
3.0,0,0.35,0.19764642408226
3.0,0,0.35,Two-point,correlations:
3.0,0,0.4,0.19877604672305
3.0,0,0.4,Two-point,correlations:
3.0,0,0.45,0.19735321922194
3.0,0,0.45,Two-point,correlations:
3.0,0,0.5,0.18076781458361
3.0,0,0.5,Two-point,correlations:
3.0,1,0.0,0.14624938116680
3.0,1,0.0,Two-point,correlations:
3.0,1,0.05,0.17180803912922
3.0,1,0.05,Two-point,correlations:
3.0,1,0.1,0.17658729303209
3.0,1,0.1,Two-point,correlations:
3.0,1,0.15,0.17194349883079
3.0,1,0.15,Two-point,correlations:
3.0,1,0.2,0.16727566504445
3.0,1,0.2,Two-point,correlations:
3.0,1,0.25,0.18545547059402
3.0,1,0.25,Two-point,correlations:
3.0,1,0.3,0.19489478922637
3.0,1,0.3,Two-point,correlations:
3.0,1,0.35,0.19931119575776
3.0,1,0.35,Two-point,correlations:
3.0,1,0.4,0.20029942327921
3.0,1,0.4,Two-point,correlations:
3.0,1,0.45,0.19471872332396
3.0,1,0.45,Two-point,correlations:
3.0,1,0.5,0.18457243502330
3.0,1,0.5,Two-point,correlations:
3.0,2,0.0,0.14624938116680
3.0,2,0.0,Two-point,correlations:
3.0,2,0.05,0.14677715233352
3.0,2,0.05,Two-point,correlations:
3.0,2,0.1,0.15455475700989
3.0,2,0.1,Two-point,correlations:
3.0,2,0.15,0.16649722484396
3.0,2,0.15,Two-point,correlations:
3.0,2,0.2,0.16687788593400
3.0,2,0.2,Two-point,correlations:
3.0,2,0.25,0.17427815046139
3.0,2,0.25,Two-point,correlations:
3.0,2,0.3,0.17861378334130
3.0,2,0.3,Two-point,correlations:
3.0,2,0.35,0.18010621038805
3.0,2,0.35,Two-point,correlations:
3.0,2,0.4,0.17986993714255
3.0,2,0.4,Two-point,correlations:
3.0,2,0.45,0.18556568878103
3.0,2,0.45,Two-point,correlations:
3.0,2,0.5,0.18952097391853
3.0,2,0.5,Two-point,correlations:
3.0,3,0.0,0.14624938116680
3.0,3,0.0,Two-point,correlations:
3.0,3,0.05,0.15335618347607
3.0,3,0.05,Two-point,correlations:
3.0,3,0.1,0.15796281256370
3.0,3,0.1,Two-point,correlations:
3.0,3,0.15,0.16599453343068
3.0,3,0.15,Two-point,correlations:
3.0,3,0.2,0.16873241789141
3.0,3,0.2,Two-point,correlations:
3.0,3,0.25,0.17919197054130
3.0,3,0.25,Two-point,correlations:
3.0,3,0.3,0.18301767427265
3.0,3,0.3,Two-point,correlations:
3.0,3,0.35,0.17632817227891
3.0,3,0.35,Two-point,correlations:
3.0,3,0.4,0.18135654344126
3.0,3,0.4,Two-point,correlations:
3.0,3,0.45,0.18381000659003
3.0,3,0.45,Two-point,correlations:
3.0,3,0.5,0.19064493155313
3.0,3,0.5,Two-point,correlations:
4.0,0,0.0,0.11512556065489
4.0,0,0.0,Two-point,correlations:
4.0,0,0.05,0.13849616256625
4.0,0,0.05,Two-point,correlations:
4.0,0,0.1,0.14732566639209
4.0,0,0.1,Two-point,correlations:
4.0,0,0.15,0.14430472715492
4.0,0,0.15,Two-point,correlations:
4.0,0,0.2,0.14012236017967
4.0,0,0.2,Two-point,correlations:
4.0,0,0.25,0.16472730718954
4.0,0,0.25,Two-point,correlations:
4.0,0,0.3,0.17582457353374
4.0,0,0.3,Two-point,correlations:
4.0,0,0.35,0.18088435244595
4.0,0,0.35,Two-point,correlations:
4.0,0,0.4,0.18258387686453
4.0,0,0.4,Two-point,correlations:
4.0,0,0.45,0.18123860385054
4.0,0,0.45,Two-point,correlations:
4.0,0,0.5,0.16385034063388
4.0,0,0.5,Two-point,correlations:
4.0,1,0.0,0.12276622202465
4.0,1,0.0,Two-point,correlations:
4.0,1,0.05,0.11998840603812
4.0,1,0.05,Two-point,correlations:
4.0,1,0.1,0.15008371673232
4.0,1,0.1,Two-point,correlations:
4.0,1,0.15,0.14433616967118
4.0,1,0.15,Two-point,correlations:
4.0,1,0.2,0.14645507340987
4.0,1,0.2,Two-point,correlations:
4.0,1,0.25,0.16479900191278
4.0,1,0.25,Two-point,correlations:
4.0,1,0.3,0.17553477608744
4.0,1,0.3,Two-point,correlations:
4.0,1,0.35,0.18085367412840
4.0,1,0.35,Two-point,correlations:
4.0,1,0.4,0.18158321378791
4.0,1,0.4,Two-point,correlations:
4.0,1,0.45,0.17083381603764
4.0,1,0.45,Two-point,correlations:
4.0,1,0.5,0.16806542435918
4.0,1,0.5,Two-point,correlations:
4.0,2,0.0,0.12276622202465
4.0,2,0.0,Two-point,correlations:
4.0,2,0.05,0.12814928997279
4.0,2,0.05,Two-point,correlations:
4.0,2,0.1,0.12834568868674
4.0,2,0.1,Two-point,correlations:
4.0,2,0.15,0.14568514661312
4.0,2,0.15,Two-point,correlations:
4.0,2,0.2,0.14821174486085
4.0,2,0.2,Two-point,correlations:
4.0,2,0.25,0.15492777407069
4.0,2,0.25,Two-point,correlations:
4.0,2,0.3,0.15951557742154
4.0,2,0.3,Two-point,correlations:
4.0,2,0.35,0.16136404561612
4.0,2,0.35,Two-point,correlations:
4.0,2,0.4,0.16319342717459
4.0,2,0.4,Two-point,correlations:
4.0,2,0.45,0.16709674624557
4.0,2,0.45,Two-point,correlations:
4.0,2,0.5,0.17426897693805
4.0,2,0.5,Two-point,correlations:
4.0,3,0.0,0.12276622202465
4.0,3,0.0,Two-point,correlations:
4.0,3,0.05,0.14545382352779
4.0,3,0.05,Two-point,correlations:
4.0,3,0.1,0.13340906399318
4.0,3,0.1,Two-point,correlations:
4.0,3,0.15,0.14311775006038
4.0,3,0.15,Two-point,correlations:
4.0,3,0.2,0.13853702411322
4.0,3,0.2,Two-point,correlations:
4.0,3,0.25,0.15739268204742
4.0,3,0.25,Two-point,correlations:
4.0,3,0.3,0.16350258439570
4.0,3,0.3,Two-point,correlations:
4.0,3,0.35,0.15648149007807
4.0,3,0.35,Two-point,correlations:
4.0,3,0.4,0.16402501378883
4.0,3,0.4,Two-point,correlations:
4.0,3,0.45,0.17444591255131
4.0,3,0.45,Two-point,correlations:
4.0,3,0.5,0.17608696824342
4.0,3,0.5,Two-point,correlations:
5.0,0,0.0,0.09546337655256
5.0,0,0.0,Two-point,correlations:
5.0,0,0.05,0.09713189788518
5.0,0,0.05,Two-point,correlations:
5.0,0,0.1,0.12161103967633
5.0,0,0.1,Two-point,correlations:
5.0,0,0.15,0.11997947872403
5.0,0,0.15,Two-point,correlations:
5.0,0,0.2,0.12019435662996
5.0,0,0.2,Two-point,correlations:
5.0,0,0.25,0.14270210380447
5.0,0,0.25,Two-point,correlations:
5.0,0,0.3,0.15728363603597
5.0,0,0.3,Two-point,correlations:
5.0,0,0.35,0.16366502283986
5.0,0,0.35,Two-point,correlations:
5.0,0,0.4,0.16598562277950
5.0,0,0.4,Two-point,correlations:
5.0,0,0.45,0.14949057045153
5.0,0,0.45,Two-point,correlations:
5.0,0,0.5,0.14739820582349
5.0,0,0.5,Two-point,correlations:
5.0,1,0.0,0.09986126156761
5.0,1,0.0,Two-point,correlations:
5.0,1,0.05,0.11120506717395
5.0,1,0.05,Two-point,correlations:
5.0,1,0.1,0.12183767984691
5.0,1,0.1,Two-point,correlations:
5.0,1,0.15,0.11762931905879
5.0,1,0.15,Two-point,correlations:
5.0,1,0.2,0.11638725048796
5.0,1,0.2,Two-point,correlations:
5.0,1,0.25,0.14412077964448
5.0,1,0.25,Two-point,correlations:
5.0,1,0.3,0.15600484678962
5.0,1,0.3,Two-point,correlations:
5.0,1,0.35,0.16190831825537
5.0,1,0.35,Two-point,correlations:
5.0,1,0.4,0.16152933120469
5.0,1,0.4,Two-point,correlations:
5.0,1,0.45,0.16482492158443
5.0,1,0.45,Two-point,correlations:
5.0,1,0.5,0.15152850634099
5.0,1,0.5,Two-point,correlations:
5.0,2,0.0,0.09986126156761
5.0,2,0.0,Two-point,correlations:
5.0,2,0.05,0.10380007291153
5.0,2,0.05,Two-point,correlations:
5.0,2,0.1,0.10378200328235
5.0,2,0.1,Two-point,correlations:
5.0,2,0.15,0.12481169657450
5.0,2,0.15,Two-point,correlations:
5.0,2,0.2,0.12522785581541
5.0,2,0.2,Two-point,correlations:
5.0,2,0.25,0.13785901535610
5.0,2,0.25,Two-point,correlations:
5.0,2,0.3,0.14109408165211
5.0,2,0.3,Two-point,correlations:
5.0,2,0.35,0.13881604688273
5.0,2,0.35,Two-point,correlations:
5.0,2,0.4,0.14814693930690
5.0,2,0.4,Two-point,correlations:
5.0,2,0.45,0.15036895892467
5.0,2,0.45,Two-point,correlations:
5.0,2,0.5,0.15871604981691
5.0,2,0.5,Two-point,correlations:
5.0,3,0.0,0.09986126156761
5.0,3,0.0,Two-point,correlations:
5.0,3,0.05,0.10344618728557
5.0,3,0.05,Two-point,correlations:
5.0,3,0.1,0.11017861797412
5.0,3,0.1,Two-point,correlations:
5.0,3,0.15,0.12075880391346
5.0,3,0.15,Two-point,correlations:
5.0,3,0.2,0.12886420274894
5.0,3,0.2,Two-point,correlations:
5.0,3,0.25,0.13759569149448
5.0,3,0.25,Two-point,correlations:
5.0,3,0.3,0.14441038901812
5.0,3,0.3,Two-point,correlations:
5.0,3,0.35,0.14311484385077
5.0,3,0.35,Two-point,correlations:
5.0,3,0.4,0.14673025612360
5.0,3,0.4,Two-point,correlations:
5.0,3,0.45,0.16111346162393
5.0,3,0.45,Two-point,correlations:
5.0,3,0.5,0.16128651676967
5.0,3,0.5,Two-point,correlations:
6.0,0,0.0,0.07856693784873
6.0,0,0.0,Two-point,correlations:
6.0,0,0.05,0.07903988139894
6.0,0,0.05,Two-point,correlations:
6.0,0,0.1,0.09713481843703
6.0,0,0.1,Two-point,correlations:
6.0,0,0.15,0.09838314801543
6.0,0,0.15,Two-point,correlations:
6.0,0,0.2,0.10169684203763
6.0,0,0.2,Two-point,correlations:
6.0,0,0.25,0.11969098778073
6.0,0,0.25,Two-point,correlations:
6.0,0,0.3,0.13816179301297
6.0,0,0.3,Two-point,correlations:
6.0,0,0.35,0.14591524258068
6.0,0,0.35,Two-point,correlations:
6.0,0,0.4,0.14887106236434
6.0,0,0.4,Two-point,correlations:
6.0,0,0.45,0.13174626832847
6.0,0,0.45,Two-point,correlations:
6.0,0,0.5,0.13151017014976
6.0,0,0.5,Two-point,correlations:
6.0,1,0.0,0.07978311207774
6.0,1,0.0,Two-point,correlations:
6.0,1,0.05,0.08686613824306
6.0,1,0.05,Two-point,correlations:
6.0,1,0.1,0.09391036050211
6.0,1,0.1,Two-point,correlations:
6.0,1,0.15,0.09488943712424
6.0,1,0.15,Two-point,correlations:
6.0,1,0.2,0.09733012123115
6.0,1,0.2,Two-point,correlations:
6.0,1,0.25,0.12287070257387
6.0,1,0.25,Two-point,correlations:
6.0,1,0.3,0.13605697052536
6.0,1,0.3,Two-point,correlations:
6.0,1,0.35,0.14219283533208
6.0,1,0.35,Two-point,correlations:
6.0,1,0.4,0.13982851258843
6.0,1,0.4,Two-point,correlations:
6.0,1,0.45,0.13373806943788
6.0,1,0.45,Two-point,correlations:
6.0,1,0.5,0.13506482556432
6.0,1,0.5,Two-point,correlations:
6.0,2,0.0,0.07978311207774
6.0,2,0.0,Two-point,correlations:
6.0,2,0.05,0.08249663176597
6.0,2,0.05,Two-point,correlations:
6.0,2,0.1,0.08349294776184
6.0,2,0.1,Two-point,correlations:
6.0,2,0.15,0.09928051971140
6.0,2,0.15,Two-point,correlations:
6.0,2,0.2,0.10391693549696
6.0,2,0.2,Two-point,correlations:
6.0,2,0.25,0.12275838707404
6.0,2,0.25,Two-point,correlations:
6.0,2,0.3,0.12352416453200
6.0,2,0.3,Two-point,correlations:
6.0,2,0.35,0.12277062559298
6.0,2,0.35,Two-point,correlations:
6.0,2,0.4,0.13500466284886
6.0,2,0.4,Two-point,correlations:
6.0,2,0.45,0.14790882561608
6.0,2,0.45,Two-point,correlations:
6.0,2,0.5,0.14282415687106
6.0,2,0.5,Two-point,correlations:
6.0,3,0.0,0.07978311207774
6.0,3,0.0,Two-point,correlations:
6.0,3,0.05,0.08170826860546
6.0,3,0.05,Two-point,correlations:
6.0,3,0.1,0.08347744990465
6.0,3,0.1,Two-point,correlations:
6.0,3,0.15,0.09521905737241
6.0,3,0.15,Two-point,correlations:
6.0,3,0.2,0.10938916996587
6.0,3,0.2,Two-point,correlations:
6.0,3,0.25,0.11855061612144
6.0,3,0.25,Two-point,correlations:
6.0,3,0.3,0.12584970854321
6.0,3,0.3,Two-point,correlations:
6.0,3,0.35,0.12542869413590
6.0,3,0.35,Two-point,correlations:
6.0,3,0.4,0.12961109544745
6.0,3,0.4,Two-point,correlations:
6.0,3,0.45,0.14435649341691
6.0,3,0.45,Two-point,correlations:
6.0,3,0.5,0.14613060083001
6.0,3,0.5,Two-point,correlations:
7.0,0,0.0,0.06463998303939
7.0,0,0.0,Two-point,correlations:
7.0,0,0.05,0.06465553826871
7.0,0,0.05,Two-point,correlations:
7.0,0,0.1,0.07652727113181
7.0,0,0.1,Two-point,correlations:
7.0,0,0.15,0.08019850813343
7.0,0,0.15,Two-point,correlations:
7.0,0,0.2,0.08515408160961
7.0,0,0.2,Two-point,correlations:
7.0,0,0.25,0.09947443342745
7.0,0,0.25,Two-point,correlations:
7.0,0,0.3,0.11854024924975
7.0,0,0.3,Two-point,correlations:
7.0,0,0.35,0.12766297583381
7.0,0,0.35,Two-point,correlations:
7.0,0,0.4,0.11862016554810
7.0,0,0.4,Two-point,correlations:
7.0,0,0.45,0.11583412570493
7.0,0,0.45,Two-point,correlations:
7.0,0,0.5,0.11636828746701
7.0,0,0.5,Two-point,correlations:
7.0,1,0.0,0.06389316194649
7.0,1,0.0,Two-point,correlations:
7.0,1,0.05,0.06802615599688
7.0,1,0.05,Two-point,correlations:
7.0,1,0.1,0.07163900535777
7.0,1,0.1,Two-point,correlations:
7.0,1,0.15,0.07696167338466
7.0,1,0.15,Two-point,correlations:
7.0,1,0.2,0.08131712770757
7.0,1,0.2,Two-point,correlations:
7.0,1,0.25,0.10174610416479
7.0,1,0.25,Two-point,correlations:
7.0,1,0.3,0.11581186516156
7.0,1,0.3,Two-point,correlations:
7.0,1,0.35,0.12178133011176
7.0,1,0.35,Two-point,correlations:
7.0,1,0.4,0.13118631841278
7.0,1,0.4,Two-point,correlations:
7.0,1,0.45,0.11751622539817
7.0,1,0.45,Two-point,correlations:
7.0,1,0.5,0.11896687064099
7.0,1,0.5,Two-point,correlations:
7.0,2,0.0,0.06389316194649
7.0,2,0.0,Two-point,correlations:
7.0,2,0.05,0.06572689836098
7.0,2,0.05,Two-point,correlations:
7.0,2,0.1,0.06828097075187
7.0,2,0.1,Two-point,correlations:
7.0,2,0.15,0.07526249756403
7.0,2,0.15,Two-point,correlations:
7.0,2,0.2,0.08505239452531
7.0,2,0.2,Two-point,correlations:
7.0,2,0.25,0.10611607589893
7.0,2,0.25,Two-point,correlations:
7.0,2,0.3,0.10699220652492
7.0,2,0.3,Two-point,correlations:
7.0,2,0.35,0.10824814610454
7.0,2,0.35,Two-point,correlations:
7.0,2,0.4,0.11304579548846
7.0,2,0.4,Two-point,correlations:
7.0,2,0.45,0.13025189832115
7.0,2,0.45,Two-point,correlations:
7.0,2,0.5,0.12667007432246
7.0,2,0.5,Two-point,correlations:
7.0,3,0.0,0.06389316194649
7.0,3,0.0,Two-point,correlations:
7.0,3,0.05,0.06485665504783
7.0,3,0.05,Two-point,correlations:
7.0,3,0.1,0.06688211252958
7.0,3,0.1,Two-point,correlations:
7.0,3,0.15,0.08004962086872
7.0,3,0.15,Two-point,correlations:
7.0,3,0.2,0.08508696324185
7.0,3,0.2,Two-point,correlations:
7.0,3,0.25,0.09111022180904
7.0,3,0.25,Two-point,correlations:
7.0,3,0.3,0.10802497945018
7.0,3,0.3,Two-point,correlations:
7.0,3,0.35,0.10550441762209
7.0,3,0.35,Two-point,correlations:
7.0,3,0.4,0.12177787088986
7.0,3,0.4,Two-point,correlations:
7.0,3,0.45,0.12612797556083
7.0,3,0.45,Two-point,correlations:
7.0,3,0.5,0.12667007432246
7.0,3,0.5,Two-point,correlations:
8.0,0,0.0,0.05349172132152
8.0,0,0.0,Two-point,correlations:
8.0,0,0.05,0.05335324109402
8.0,0,0.05,Two-point,correlations:
8.0,0,0.1,0.06088775392075
8.0,0,0.1,Two-point,correlations:
8.0,0,0.15,0.06557077788157
8.0,0,0.15,Two-point,correlations:
8.0,0,0.2,0.07101928316598
8.0,0,0.2,Two-point,correlations:
8.0,0,0.25,0.08279896265611
8.0,0,0.25,Two-point,correlations:
8.0,0,0.3,0.09921361574680
8.0,0,0.3,Two-point,correlations:
8.0,0,0.35,0.10186963095294
8.0,0,0.35,Two-point,correlations:
8.0,0,0.4,0.10066084041275
8.0,0,0.4,Two-point,correlations:
8.0,0,0.45,0.10131165972909
8.0,0,0.45,Two-point,correlations:
8.0,0,0.5,0.10221281452819
8.0,0,0.5,Two-point,correlations:
8.0,1,0.0,0.05189410101440
8.0,1,0.0,Two-point,correlations:
8.0,1,0.05,0.05439437127516
8.0,1,0.05,Two-point,correlations:
8.0,1,0.1,0.05643009808382
8.0,1,0.1,Two-point,correlations:
8.0,1,0.15,0.06317676173484
8.0,1,0.15,Two-point,correlations:
8.0,1,0.2,0.06813397759357
8.0,1,0.2,Two-point,correlations:
8.0,1,0.25,0.08297573887141
8.0,1,0.25,Two-point,correlations:
8.0,1,0.3,0.09628583359570
8.0,1,0.3,Two-point,correlations:
8.0,1,0.35,0.10925504867023
8.0,1,0.35,Two-point,correlations:
8.0,1,0.4,0.11310491124762
8.0,1,0.4,Two-point,correlations:
8.0,1,0.45,0.10218604784569
8.0,1,0.45,Two-point,correlations:
8.0,1,0.5,0.10369576822056
8.0,1,0.5,Two-point,correlations:
8.0,2,0.0,0.05189410101439
8.0,2,0.0,Two-point,correlations:
8.0,2,0.05,0.05317018025044
8.0,2,0.05,Two-point,correlations:
8.0,2,0.1,0.05638534145857
8.0,2,0.1,Two-point,correlations:
8.0,2,0.15,0.06124466197776
8.0,2,0.15,Two-point,correlations:
8.0,2,0.2,0.06985736138958
8.0,2,0.2,Two-point,correlations:
8.0,2,0.25,0.07432737239966
8.0,2,0.25,Two-point,correlations:
8.0,2,0.3,0.09153375770546
8.0,2,0.3,Two-point,correlations:
8.0,2,0.35,0.09462504165912
8.0,2,0.35,Two-point,correlations:
8.0,2,0.4,0.09758300951487
8.0,2,0.4,Two-point,correlations:
8.0,2,0.45,0.11183814052815
8.0,2,0.45,Two-point,correlations:
8.0,2,0.5,0.11055726282079
8.0,2,0.5,Two-point,correlations:
8.0,3,0.0,0.05189410101440
8.0,3,0.0,Two-point,correlations:
8.0,3,0.05,0.05237383163681
8.0,3,0.05,Two-point,correlations:
8.0,3,0.1,0.05437884659981
8.0,3,0.1,Two-point,correlations:
8.0,3,0.15,0.06431746080686
8.0,3,0.15,Two-point,correlations:
8.0,3,0.2,0.07018632983165
8.0,3,0.2,Two-point,correlations:
8.0,3,0.25,0.08728623996662
8.0,3,0.25,Two-point,correlations:
8.0,3,0.3,0.09138095891349
8.0,3,0.3,Two-point,correlations:
8.0,3,0.35,0.08986741970554
8.0,3,0.35,Two-point,correlations:
8.0,3,0.4,0.10630926956184
8.0,3,0.4,Two-point,correlations:
8.0,3,0.45,0.10770111461308
8.0,3,0.45,Two-point,correlations:
8.0,3,0.5,0.10703799393416
8.0,3,0.5,Two-point,correlations:
9.0,0,0.0,0.04468689193882
9.0,0,0.0,Two-point,correlations:
9.0,0,0.05,0.04451292056773
9.0,0,0.05,Two-point,correlations:
9.0,0,0.1,0.04940978892513
9.0,0,0.1,Two-point,correlations:
9.0,0,0.15,0.05411832880830
9.0,0,0.15,Two-point,correlations:
9.0,0,0.2,0.05937710754238
9.0,0,0.2,Two-point,correlations:
9.0,0,0.25,0.06900671338942
9.0,0,0.25,Two-point,correlations:
9.0,0,0.3,0.08183329584761
9.0,0,0.3,Two-point,correlations:
9.0,0,0.35,0.08449692927347
9.0,0,0.35,Two-point,correlations:
9.0,0,0.4,0.08596737099057
9.0,0,0.4,Two-point,correlations:
9.0,0,0.45,0.08821500701725
9.0,0,0.45,Two-point,correlations:
9.0,0,0.5,0.08928486166773
9.0,0,0.5,Two-point,correlations:
9.0,1,0.0,0.04285103422119
9.0,1,0.0,Two-point,correlations:
9.0,1,0.05,0.04448284309547
9.0,1,0.05,Two-point,correlations:
9.0,1,0.1,0.04611861236780
9.0,1,0.1,Two-point,correlations:
9.0,1,0.15,0.05253758239822
9.0,1,0.15,Two-point,correlations:
9.0,1,0.2,0.05740708578079
9.0,1,0.2,Two-point,correlations:
9.0,1,0.25,0.06789459072500
9.0,1,0.25,Two-point,correlations:
9.0,1,0.3,0.07913189335326
9.0,1,0.3,Two-point,correlations:
9.0,1,0.35,0.09158331589748
9.0,1,0.35,Two-point,correlations:
9.0,1,0.4,0.09533249971709
9.0,1,0.4,Two-point,correlations:
9.0,1,0.45,0.08824242962300
9.0,1,0.45,Two-point,correlations:
9.0,1,0.5,0.08973904324276
9.0,1,0.5,Two-point,correlations:
9.0,2,0.0,0.04285103422119
9.0,2,0.0,Two-point,correlations:
9.0,2,0.05,0.04377980998110
9.0,2,0.05,Two-point,correlations:
9.0,2,0.1,0.04675054879663
9.0,2,0.1,Two-point,correlations:
9.0,2,0.15,0.05059774160786
9.0,2,0.15,Two-point,correlations:
9.0,2,0.2,0.05787477692496
9.0,2,0.2,Two-point,correlations:
9.0,2,0.25,0.06247227973466
9.0,2,0.25,Two-point,correlations:
9.0,2,0.3,0.07716499761769
9.0,2,0.3,Two-point,correlations:
9.0,2,0.35,0.07628667927083
9.0,2,0.35,Two-point,correlations:
9.0,2,0.4,0.08372995569562
9.0,2,0.4,Two-point,correlations:
9.0,2,0.45,0.09373063067338
9.0,2,0.45,Two-point,correlations:
9.0,2,0.5,0.09507221213961
9.0,2,0.5,Two-point,correlations:
9.0,3,0.0,0.04285103422120
9.0,3,0.0,Two-point,correlations:
9.0,3,0.05,0.04309465289888
9.0,3,0.05,Two-point,correlations:
9.0,3,0.1,0.04493332600866
9.0,3,0.1,Two-point,correlations:
9.0,3,0.15,0.05008925329679
9.0,3,0.15,Two-point,correlations:
9.0,3,0.2,0.05808753271259
9.0,3,0.2,Two-point,correlations:
9.0,3,0.25,0.06596917329207
9.0,3,0.25,Two-point,correlations:
9.0,3,0.3,0.07128176904674
9.0,3,0.3,Two-point,correlations:
9.0,3,0.35,0.08121209713676
9.0,3,0.35,Two-point,correlations:
9.0,3,0.4,0.08990182663808
9.0,3,0.4,Two-point,correlations:
9.0,3,0.45,0.09052266206203
9.0,3,0.45,Two-point,correlations:
9.0,3,0.5,0.09044198505342
9.0,3,0.5,Two-point,correlations:
10.0,0,0.0,0.03773869805546
10.0,0,0.0,Two-point,correlations:
10.0,0,0.05,0.03757142068899
10.0,0,0.05,Two-point,correlations:
10.0,0,0.1,0.04088977989298
10.0,0,0.1,Two-point,correlations:
10.0,0,0.15,0.04422160132304
10.0,0,0.15,Two-point,correlations:
10.0,0,0.2,0.04871426923090
10.0,0,0.2,Two-point,correlations:
10.0,0,0.25,0.05775567848426
10.0,0,0.25,Two-point,correlations:
10.0,0,0.3,0.06529401989634
10.0,0,0.3,Two-point,correlations:
10.0,0,0.35,0.07059455861932
10.0,0,0.35,Two-point,correlations:
10.0,0,0.4,0.07377623097920
10.0,0,0.4,Two-point,correlations:
10.0,0,0.45,0.07663634977231
10.0,0,0.45,Two-point,correlations:
10.0,0,0.5,0.07775789233733
10.0,0,0.5,Two-point,correlations:
10.0,1,0.0,0.03592721605309
10.0,1,0.0,Two-point,correlations:
10.0,1,0.05,0.03707175194486
10.0,1,0.05,Two-point,correlations:
10.0,1,0.1,0.03859454819297
10.0,1,0.1,Two-point,correlations:
10.0,1,0.15,0.04520819225327
10.0,1,0.15,Two-point,correlations:
10.0,1,0.2,0.04997983179319
10.0,1,0.2,Two-point,correlations:
10.0,1,0.25,0.05612654473448
10.0,1,0.25,Two-point,correlations:
10.0,1,0.3,0.06757846959440
10.0,1,0.3,Two-point,correlations:
10.0,1,0.35,0.07586041741427
10.0,1,0.35,Two-point,correlations:
10.0,1,0.4,0.07175564773018
10.0,1,0.4,Two-point,correlations:
10.0,1,0.45,0.07600642156686
10.0,1,0.45,Two-point,correlations:
10.0,1,0.5,0.07743062712175
10.0,1,0.5,Two-point,correlations:
10.0,2,0.0,0.03592721605309
10.0,2,0.0,Two-point,correlations:
10.0,2,0.05,0.03663153418289
10.0,2,0.05,Two-point,correlations:
10.0,2,0.1,0.03914158530139
10.0,2,0.1,Two-point,correlations:
10.0,2,0.15,0.04233933808799
10.0,2,0.15,Two-point,correlations:
10.0,2,0.2,0.04844574046817
10.0,2,0.2,Two-point,correlations:
10.0,2,0.25,0.05311773432449
10.0,2,0.25,Two-point,correlations:
10.0,2,0.3,0.06447044856440
10.0,2,0.3,Two-point,correlations:
10.0,2,0.35,0.06486198172594
10.0,2,0.35,Two-point,correlations:
10.0,2,0.4,0.07916893572567
10.0,2,0.4,Two-point,correlations:
10.0,2,0.45,0.07792625437501
10.0,2,0.45,Two-point,correlations:
10.0,2,0.5,0.07617715484297
10.0,2,0.5,Two-point,correlations:
10.0,3,0.0,0.03592721605309
10.0,3,0.0,Two-point,correlations:
10.0,3,0.05,0.03605178382100
10.0,3,0.05,Two-point,correlations:
10.0,3,0.1,0.03767950412471
10.0,3,0.1,Two-point,correlations:
10.0,3,0.15,0.04191603755331
10.0,3,0.15,Two-point,correlations:
10.0,3,0.2,0.04847280960839
10.0,3,0.2,Two-point,correlations:
10.0,3,0.25,0.05503135904717
10.0,3,0.25,Two-point,correlations:
10.0,3,0.3,0.05981539154243
10.0,3,0.3,Two-point,correlations:
10.0,3,0.35,0.06860981184329
10.0,3,0.35,Two-point,correlations:
10.0,3,0.4,0.07492633709444
10.0,3,0.4,Two-point,correlations:
10.0,3,0.45,0.07583131928025
10.0,3,0.45,Two-point,correlations:
10.0,3,0.5,0.08093053869054
10.0,3,0.5,Two-point,correlations:
